<?xml version="1.0" encoding="UTF-8"?>
<feature
      id="org.eclipse.jgit.lfs"
      label="%featureName"
      version="5.3.1.201904271842-r"
      provider-name="%providerName">

   <description url="http://www.eclipse.org/jgit/">
      %description
   </description>

   <copyright>
      %copyright
   </copyright>

   <license url="%licenseURL">
      %license
   </license>

   <url>
      <update label="%updateSiteName" url="http://download.eclipse.org/egit/updates"/>
      <discovery label="%updateSiteName" url="http://download.eclipse.org/egit/updates"/>
   </url>

   <requires>
      <import plugin="org.eclipse.jgit"/>
   </requires>

   <plugin
         id="org.eclipse.jgit.lfs"
         download-size="0"
         install-size="0"
         version="0.0.0"
         unpack="false"/>

   <plugin
         id="org.eclipse.jgit.lfs.server"
         download-size="0"
         install-size="0"
         version="0.0.0"
         unpack="false"/>

   <plugin
         id="com.google.gson"
         download-size="0"
         install-size="0"
         version="0.0.0"
         unpack="false"/>

</feature>
